	0	1	2	3	4	5	6	7	8	9	10	11	12	13	14	15	16	17	18	19	20	21	22	23	24	25	26	27	28	29	30	31	32	33	34	35	36	37	38	39	40	41	42	43	44	45	46	47	48	49	50	51	52	53	54	55	56	57	58	59	60	61	62	63	64	65	66	67	68	69	70	71	72	73	74	75	76	77	78	79	80	81	82	83	84	85	86
0	0	n.a.	n.a.	n.a	n.a.	n.a.	n.a.	n.a.	181312	1920 x 1080		I-VT filter	Screen Recordings (1)	0	0	1920	1080	VS	105956	150500	44544					105958	12:36:34.846	1553081708771351															0	1		Fixation	353	1293	518				1	1296.0	548.0	1291.0	519.0	1293.0	533.0	1293.0	533.0	346,71	142,95	345,55	150,51	346,13	146,73	215,38	171,30	572,12	282,11	172,17	570,17					597,47	597,47	2,89	2,52	0	0				
1	1	n.a.	n.a.	n.a	n.a.	n.a.	n.a.	n.a.	181312	1920 x 1080		I-VT filter	Screen Recordings (1)	0	0	1920	1080	VS	105956	150500	44544					106024	12:36:34.913	1553081708837976															0	2		Fixation	157	1366	514	20,38	163,37		21																			-34,01										4	4				
2	2	n.a.	n.a.	n.a	n.a.	n.a.	n.a.	n.a.	181312	1920 x 1080		I-VT filter	Screen Recordings (1)	0	0	1920	1080	VS	105956	150500	44544					106238	12:36:35.126	1553081709051313															0	3		Fixation	193	879	369	3,11	100,89	297,52	85	844.0	377.0	897.0	381.0	870.0	379.0	870.0	379.0	225,88	188,72	240,02	187,67	232,95	188,20	215,13	172,00	572,10	281,62	172,71	569,96					597,71	597,71	2,86	2,52	0	0				
3	3	n.a.	n.a.	n.a	n.a.	n.a.	n.a.	n.a.	181312	1920 x 1080		I-VT filter	Screen Recordings (1)	0	0	1920	1080	VS	105956	150500	44544					106467	12:36:35.356	1553081709281197															0	4		Fixation	197	857	255	1,24	341,12	240,23	154	841.0	226.0	880.0	255.0	860.0	240.0	860.0	240.0	225,05	229,17	235,62	221,41	230,33	225,29	214,22	172,49	573,34	280,68	173,46	571,03					599,11	599,11	2,77	2,48	0	0				
4	4	n.a.	n.a.	n.a	n.a.	n.a.	n.a.	n.a.	181312	1920 x 1080		I-VT filter	Screen Recordings (1)	0	0	1920	1080	VS	105956	150500	44544					106684	12:36:35.573	1553081709497902															0	5		Fixation	187	901	270	1,69	254,48	273,36	219	881.0	259.0	927.0	281.0	904.0	270.0	904.0	270.0	235,81	220,32	248,07	214,43	241,94	217,38	214,47	173,08	574,38	281,04	174,08	572,13					600,27	600,27	2,68	2,44	0	0				
5	5	n.a.	n.a.	n.a	n.a.	n.a.	n.a.	n.a.	181312	1920 x 1080		I-VT filter	Screen Recordings (1)	0	0	1920	1080	VS	105956	150500	44544					106897	12:36:35.786	1553081709711233															0	6		Fixation	280	884	331	1,91	171,17	276,69	283	881.0	337.0	905.0	346.0	893.0	341.0	893.0	341.0	235,87	199,53	242,24	197,11	239,05	198,32	215,01	173,51	574,76	281,57	174,33	572,60					600,73	600,73	2,64	2,41	0	0				
6	6	n.a.	n.a.	n.a	n.a.	n.a.	n.a.	n.a.	181312	1920 x 1080		I-VT filter	Screen Recordings (1)	0	0	1920	1080	VS	105956	150500	44544					107201	12:36:36.089	1553081710014490															0	7		Fixation	270	813	320	5,18	0,00	188,83	374	801.0	308.0	835.0	330.0	818.0	319.0	818.0	319.0	214,30	207,18	223,49	201,45	218,90	204,31	212,87	175,19	575,70	279,50	176,18	573,61					602,35	602,35	2,74	2,44	0	0				
7	7	n.a.	n.a.	n.a	n.a.	n.a.	n.a.	n.a.	181312	1920 x 1080		I-VT filter	Screen Recordings (1)	0	0	1920	1080	VS	105956	150500	44544					107574	12:36:36.463	1553081710387784															0	8		Fixation	320	931	320	4,64	194,47	194,47	486																			-34,01										4	4				
8	8	n.a.	n.a.	n.a	n.a.	n.a.	n.a.	n.a.	181312	1920 x 1080		I-VT filter	Screen Recordings (1)	0	0	1920	1080	VS	105956	150500	44544					107921	12:36:36.809	1553081710734429															0	9		Fixation	207	826	347	1,46	5,21	170,75	590	805.0	330.0	835.0	367.0	820.0	348.0	820.0	348.0	215,45	201,22	223,56	191,39	219,51	196,31	218,11	176,18	574,79	284,67	177,47	572,26					601,48	601,48	2,76	2,48	0	0				
9	9	n.a.	n.a.	n.a	n.a.	n.a.	n.a.	n.a.	181312	1920 x 1080		I-VT filter	Screen Recordings (1)	0	0	1920	1080	VS	105956	150500	44544					108151	12:36:37.039	1553081710964331															0	10		Fixation	150	881	342	1,18	336,23	331,02	659	855.0	337.0	899.0	343.0	877.0	340.0	877.0	340.0	228,88	199,52	240,61	197,78	234,74	198,65	217,00	177,57	583,00	283,60	176,95	580,76					609,71	609,71	2,79	2,49	0	0				
10	10	n.a.	n.a.	n.a	n.a.	n.a.	n.a.	n.a.	181312	1920 x 1080		I-VT filter	Screen Recordings (1)	0	0	1920	1080	VS	105956	150500	44544					108321	12:36:37.209	1553081711134327															0	11		Fixation	130	922	360	1,59	288,38	312,15	710	915.0	342.0	937.0	367.0	926.0	354.0	926.0	354.0	244,97	198,15	250,76	191,35	247,87	194,75	212,00	180,27	583,62	278,66	180,43	581,54					611,58	611,58	2,84	2,49	0	0				
11	11	n.a.	n.a.	n.a	n.a.	n.a.	n.a.	n.a.	181312	1920 x 1080		I-VT filter	Screen Recordings (1)	0	0	1920	1080	VS	105956	150500	44544					108474	12:36:37.362	1553081711287609															0	12		Fixation	487	941	417	2,60	93,53	165,15	756	949.0	434.0	967.0	416.0	958.0	425.0	958.0	425.0	253,97	173,45	258,84	178,24	256,41	175,85	213,24	179,52	576,84	279,86	180,63	575,47					604,90	604,90	2,94	2,51	0	0				
12	12	n.a.	n.a.	n.a	n.a.	n.a.	n.a.	n.a.	181312	1920 x 1080		I-VT filter	Screen Recordings (1)	0	0	1920	1080	VS	105956	150500	44544					108990	12:36:37.879	1553081711804222															0	13		Fixation	380	935	320	3,27	7,03	273,50	911	920.0	301.0	939.0	323.0	929.0	312.0	929.0	312.0	246,14	209,13	251,36	203,13	248,75	206,13	223,04	178,79	574,02	289,57	179,25	571,32					601,38	601,38	3,03	2,65	0	0				
13	13	n.a.	n.a.	n.a	n.a.	n.a.	n.a.	n.a.	181312	1920 x 1080		I-VT filter	Screen Recordings (1)	0	0	1920	1080	VS	105956	150500	44544					109400	12:36:38.289	1553081712214185															0	14		Fixation	297	1057	305	2,35	348,27	341,24	1034	1034.0	315.0	1091.0	286.0	1062.0	300.0	1062.0	300.0	276,82	205,45	292,05	213,22	284,44	209,33	220,44	178,33	575,21	286,95	180,92	577,69					602,48	602,48	3,04	2,68	0	0				
14	14	n.a.	n.a.	n.a	n.a.	n.a.	n.a.	n.a.	181312	1920 x 1080		I-VT filter	Screen Recordings (1)	0	0	1920	1080	VS	105956	150500	44544					109737	12:36:38.626	1553081712550808															0	15		Fixation	1316	1144	323	2,91	174,74	186,47	1135	1141.0	304.0	1143.0	328.0	1142.0	316.0	1142.0	316.0	305,41	208,45	305,98	202,02	305,69	205,23	219,99	176,77	575,90	286,60	177,78	573,41					602,60	602,60	2,97	2,62	0	0				
15	15	n.a.	n.a.	n.a	n.a.	n.a.	n.a.	n.a.	181312	1920 x 1080		I-VT filter	Screen Recordings (1)	0	0	1920	1080	VS	105956	150500	44544					111084	12:36:39.972	1553081713897288															0	16		Fixation	133	1035	313	4,47	176,91	2,16	1539	1012.0	305.0	1032.0	332.0	1022.0	318.0	1022.0	318.0	270,77	207,97	276,24	200,82	273,51	204,40	221,62	174,84	572,78	288,28	175,08	572,35					598,91	598,91	2,86	2,58	0	0				
16	16	n.a.	n.a.	n.a	n.a.	n.a.	n.a.	n.a.	181312	1920 x 1080		I-VT filter	Screen Recordings (1)	0	0	1920	1080	VS	105956	150500	44544					111250	12:36:40.139	1553081714063935															0	17		Fixation	167	868	304	1,26	346,51	169,60	1589	844.0	296.0	884.0	325.0	864.0	310.0	864.0	310.0	225,76	210,45	236,60	202,79	231,18	206,62	220,73	174,07	572,95	287,34	174,61	571,57					598,86	598,86	2,91	2,58	0	0				
17	17	n.a.	n.a.	n.a	n.a.	n.a.	n.a.	n.a.	181312	1920 x 1080		I-VT filter	Screen Recordings (1)	0	0	1920	1080	VS	105956	150500	44544					111437	12:36:40.325	1553081714250617															0	18		Fixation	210	914	315	1,55	350,02	3,51	1645	895.0	305.0	934.0	328.0	914.0	316.0	914.0	316.0	239,49	208,15	249,83	201,90	244,66	205,03	219,59	174,28	573,25	286,23	175,05	571,95					599,28	599,28	2,94	2,59	0	0				
18	18	n.a.	n.a.	n.a	n.a.	n.a.	n.a.	n.a.	181312	1920 x 1080		I-VT filter	Screen Recordings (1)	0	0	1920	1080	VS	105956	150500	44544					111670	12:36:40.559	1553081714483876															0	19		Fixation	167	971	325	1,72	5,37	15,36	1715	964.0	296.0	994.0	314.0	979.0	305.0	979.0	305.0	257,98	210,46	266,10	205,53	262,04	208,00	218,66	174,80	572,47	285,30	176,20	571,52					598,79	598,79	2,99	2,60	0	0				
19	19	n.a.	n.a.	n.a	n.a.	n.a.	n.a.	n.a.	181312	1920 x 1080		I-VT filter	Screen Recordings (1)	0	0	1920	1080	VS	105956	150500	44544					111863	12:36:40.752	1553081714677173															0	20		Fixation	240	1035	319	3,33	357,24	351,87	1773	1025.0	309.0	1052.0	314.0	1038.0	311.0	1038.0	311.0	274,34	207,00	281,53	205,63	277,93	206,32	218,40	174,74	571,77	285,11	176,33	571,63					598,13	598,13	2,95	2,55	0	0				
20	20	n.a.	n.a.	n.a	n.a.	n.a.	n.a.	n.a.	181312	1920 x 1080		I-VT filter	Screen Recordings (1)	0	0	1920	1080	VS	105956	150500	44544					112133	12:36:41.022	1553081714947141															0	21		Fixation	267	1160	325	8,05	166,94	169,69	1854	1169.0	336.0	1189.0	327.0	1179.0	331.0	1179.0	331.0	312,74	199,62	318,29	202,19	315,51	200,91	218,40	174,93	572,25	285,09	176,34	571,80					598,65	598,65	2,95	2,52	0	0				
21	21	n.a.	n.a.	n.a	n.a.	n.a.	n.a.	n.a.	181312	1920 x 1080		I-VT filter	Screen Recordings (1)	0	0	1920	1080	VS	105956	150500	44544					112450	12:36:41.339	1553081715263740															0	22		Fixation	167	866	257	1,19	344,36	177,42	1949	839.0	222.0	881.0	279.0	860.0	250.0	860.0	250.0	224,57	230,42	235,84	214,98	230,21	222,70	219,65	175,16	572,73	286,28	176,19	571,99					599,10	599,10	2,83	2,45	0	0				
22	22	n.a.	n.a.	n.a	n.a.	n.a.	n.a.	n.a.	181312	1920 x 1080		I-VT filter	Screen Recordings (1)	0	0	1920	1080	VS	105956	150500	44544					112637	12:36:41.525	1553081715450404															0	23		Fixation	233	909	269	0,87	123,61	139,25	2005	897.0	253.0	940.0	270.0	918.0	261.0	918.0	261.0	239,93	221,90	251,63	217,57	245,78	219,74	219,03	174,77	572,73	285,71	175,90	572,02					599,00	599,00	2,78	2,42	0	0				
23	23	n.a.	n.a.	n.a	n.a.	n.a.	n.a.	n.a.	181312	1920 x 1080		I-VT filter	Screen Recordings (1)	0	0	1920	1080	VS	105956	150500	44544					112883	12:36:41.772	1553081715697096															0	24		Fixation	197	891	242	3,59	231,43	107,83	2079	864.0	231.0	918.0	263.0	891.0	247.0	891.0	247.0	231,30	227,99	245,58	219,43	238,44	223,71	218,48	174,88	573,51	285,08	176,09	572,65					599,81	599,81	2,83	2,50	0	0				
24	24	n.a.	n.a.	n.a	n.a.	n.a.	n.a.	n.a.	181312	1920 x 1080		I-VT filter	Screen Recordings (1)	0	0	1920	1080	VS	105956	150500	44544					113110	12:36:41.998	1553081715923675															0	25		Fixation	287	807	347	0,61	28,89	157,46	2147	789.0	334.0	817.0	352.0	803.0	343.0	803.0	343.0	211,21	200,21	218,56	195,31	214,89	197,76	219,03	174,43	573,10	285,57	175,46	572,20					599,23	599,23	2,82	2,47	0	0				
25	25	n.a.	n.a.	n.a	n.a.	n.a.	n.a.	n.a.	181312	1920 x 1080		I-VT filter	Screen Recordings (1)	0	0	1920	1080	VS	105956	150500	44544					113403	12:36:42.292	1553081716217045															0	26		Fixation	233	827	336	1,95	2,36	333,47	2235	796.0	318.0	842.0	347.0	819.0	332.0	819.0	332.0	213,02	204,64	225,36	196,90	219,19	200,77	218,38	174,07	572,50	285,01	175,22	571,69					598,58	598,58	2,80	2,48	0	0				
26	26	n.a.	n.a.	n.a	n.a.	n.a.	n.a.	n.a.	181312	1920 x 1080		I-VT filter	Screen Recordings (1)	0	0	1920	1080	VS	105956	150500	44544					113660	12:36:42.548	1553081716473602															0	27		Fixation	163	900	333	2,17	189,96	187,60	2312	876.0	316.0	933.0	350.0	904.0	333.0	904.0	333.0	234,44	205,05	249,71	196,00	242,08	200,52	218,53	174,22	572,56	285,13	175,40	571,72					598,68	598,68	2,86	2,51	0	0				
27	27	n.a.	n.a.	n.a	n.a.	n.a.	n.a.	n.a.	181312	1920 x 1080		I-VT filter	Screen Recordings (1)	0	0	1920	1080	VS	105956	150500	44544					113847	12:36:42.735	1553081716660281															0	28		Fixation	203	820	347	0,97	263,68	73,72	2368	775.0	338.0	819.0	366.0	797.0	352.0	797.0	352.0	207,43	199,15	219,13	191,73	213,28	195,44	218,68	173,98	572,19	285,25	175,11	571,29					598,24	598,24	2,87	2,49	0	0				
28	28	n.a.	n.a.	n.a	n.a.	n.a.	n.a.	n.a.	181312	1920 x 1080		I-VT filter	Screen Recordings (1)	0	0	1920	1080	VS	105956	150500	44544					114063	12:36:42.952	1553081716876871															0	29		Fixation	850	816	383	0,77	294,71	31,03	2433	796.0	372.0	818.0	392.0	807.0	382.0	807.0	382.0	213,10	190,12	218,79	184,81	215,95	187,47	218,72	174,01	572,32	285,33	175,14	571,49					598,38	598,38	2,87	2,47	0	0				
29	29	n.a.	n.a.	n.a	n.a.	n.a.	n.a.	n.a.	181312	1920 x 1080		I-VT filter	Screen Recordings (1)	0	0	1920	1080	VS	105956	150500	44544					114926	12:36:43.815	1553081717740140															0	30		Fixation	223	828	409	2,36	9,81	75,11	2692	821.0	364.0	848.0	431.0	834.0	397.0	834.0	397.0	219,64	192,26	227,00	174,37	223,32	183,31	218,47	173,45	571,63	285,12	174,49	570,79					597,55	597,55	2,72	2,40	0	0				
30	30	n.a.	n.a.	n.a	n.a.	n.a.	n.a.	n.a.	181312	1920 x 1080		I-VT filter	Screen Recordings (1)	0	0	1920	1080	VS	105956	150500	44544					115176	12:36:44.065	1553081717990078															0	31		Fixation	543	915	394	2,71	192,01	182,20	2767	885.0	394.0	942.0	402.0	913.0	398.0	913.0	398.0	236,70	184,14	252,13	182,02	244,41	183,08	218,09	173,65	572,93	284,74	174,84	572,01					598,86	598,86	2,82	2,42	0	0				
31	31	n.a.	n.a.	n.a	n.a.	n.a.	n.a.	n.a.	181312	1920 x 1080		I-VT filter	Screen Recordings (1)	0	0	1920	1080	VS	105956	150500	44544					115750	12:36:44.638	1553081718563334															0	32		Fixation	233	816	415	1,55	358,02	166,01	2939	780.0	406.0	839.0	426.0	809.0	416.0	809.0	416.0	208,67	181,05	224,61	175,56	216,64	178,31	217,86	173,44	572,02	284,52	174,44	570,95					597,95	597,95	2,74	2,44	0	0				
32	32	n.a.	n.a.	n.a	n.a.	n.a.	n.a.	n.a.	181312	1920 x 1080		I-VT filter	Screen Recordings (1)	0	0	1920	1080	VS	105956	150500	44544					116006	12:36:44.895	1553081718819999															0	33		Fixation	210	874	417	7,73	319,61	321,59	3016	870.0	379.0	890.0	429.0	880.0	404.0	880.0	404.0	232,84	188,09	238,08	174,88	235,46	181,48	216,92	173,13	572,49	283,60	174,43	571,27					598,35	598,35	2,71	2,43	0	0				
33	33	n.a.	n.a.	n.a	n.a.	n.a.	n.a.	n.a.	181312	1920 x 1080		I-VT filter	Screen Recordings (1)	0	0	1920	1080	VS	105956	150500	44544					116340	12:36:45.228	1553081719153269															0	34		Fixation	250	999	523	8,21	179,05	219,44	3116																			-34,01										4	4				
34	34	n.a.	n.a.	n.a	n.a.	n.a.	n.a.	n.a.	181312	1920 x 1080		I-VT filter	Screen Recordings (1)	0	0	1920	1080	VS	105956	150500	44544					116629	12:36:45.518	1553081719443215															0	35		Fixation	220	817	520	1,31	0,00	180,95	3203	808.0	550.0	826.0	495.0	817.0	522.0	817.0	522.0	216,28	142,19	221,04	157,06	218,66	149,63	216,12	172,66	571,28	282,78	173,86	569,92					597,10	597,10	2,89	2,42	0	0				
35	35	n.a.	n.a.	n.a	n.a.	n.a.	n.a.	n.a.	181312	1920 x 1080		I-VT filter	Screen Recordings (1)	0	0	1920	1080	VS	105956	150500	44544					116873	12:36:45.761	1553081719686534															0	36		Fixation	157	866	520	2,89	175,75	175,75	3276	865.0	554.0	875.0	521.0	870.0	537.0	870.0	537.0	231,42	141,18	234,17	149,94	232,80	145,56	215,13	172,29	571,70	281,79	173,77	569,75					597,43	597,43	2,81	2,37	0	0				
36	36	n.a.	n.a.	n.a	n.a.	n.a.	n.a.	n.a.	181312	1920 x 1080		I-VT filter	Screen Recordings (1)	0	0	1920	1080	VS	105956	150500	44544					117243	12:36:46.131	1553081720056529															0	37		Fixation	140	758	512	1,39	349,96	174,21	3387	742.0	553.0	781.0	470.0	761.0	511.0	761.0	511.0	198,53	141,50	208,90	163,74	203,72	152,62	215,02	169,72	570,46	281,50	172,12	574,12					595,40	595,40	2,77	2,45	0	0				
37	37	n.a.	n.a.	n.a	n.a.	n.a.	n.a.	n.a.	181312	1920 x 1080		I-VT filter	Screen Recordings (1)	0	0	1920	1080	VS	105956	150500	44544					117406	12:36:46.295	1553081720219800															0	38		Fixation	240	809	521	2,03	6,11	16,15	3436	790.0	527.0	830.0	493.0	810.0	510.0	810.0	510.0	211,40	148,40	222,05	157,62	216,72	153,01	215,49	168,62	569,95	282,12	168,54	566,98					594,52	594,52	2,78	2,40	0	0				
38	38	n.a.	n.a.	n.a	n.a.	n.a.	n.a.	n.a.	181312	1920 x 1080		I-VT filter	Screen Recordings (1)	0	0	1920	1080	VS	105956	150500	44544					117669	12:36:46.558	1553081720483077															0	39		Fixation	203	884	513	0,57	87,28	81,17	3515	869.0	534.0	887.0	497.0	878.0	515.0	878.0	515.0	232,57	146,63	237,45	156,55	235,01	151,59	216,54	169,87	570,23	283,22	169,88	567,90					595,13	595,13	2,75	2,38	0	0				
39	39	n.a.	n.a.	n.a	n.a.	n.a.	n.a.	n.a.	181312	1920 x 1080		I-VT filter	Screen Recordings (1)	0	0	1920	1080	VS	105956	150500	44544					117876	12:36:46.764	1553081720689724															0	40		Fixation	70	885	492	2,81	355,04	267,76	3577	872.0	485.0	899.0	483.0	885.0	484.0	885.0	484.0	233,44	159,87	240,48	160,37	236,96	160,12	216,31	170,41	570,08	283,01	170,75	568,12					595,19	595,19	2,64	2,34	0	0				
40	40	n.a.	n.a.	n.a	n.a.	n.a.	n.a.	n.a.	181312	1920 x 1080		I-VT filter	Screen Recordings (1)	0	0	1920	1080	VS	105956	150500	44544					117976	12:36:46.864	1553081720789690															0	41		Fixation	293	989	501	0,60	349,66	354,62	3607	972.0	520.0	1005.0	496.0	988.0	508.0	988.0	508.0	260,20	150,31	268,91	156,87	264,55	153,59	216,50	170,38	569,72	283,19	170,93	568,02					594,83	594,83	2,65	2,30	0	0				
41	41	n.a.	n.a.	n.a	n.a.	n.a.	n.a.	n.a.	181312	1920 x 1080		I-VT filter	Screen Recordings (1)	0	0	1920	1080	VS	105956	150500	44544					118276	12:36:47.164	1553081721089689															0	42		Fixation	607	1011	505	1,35	184,59	194,93	3697	997.0	511.0	1021.0	500.0	1009.0	505.0	1009.0	505.0	266,93	152,85	273,31	155,75	270,12	154,30	217,52	170,71	570,68	284,23	171,26	568,94					595,77	595,77	2,61	2,30	0	0				
42	42	n.a.	n.a.	n.a	n.a.	n.a.	n.a.	n.a.	181312	1920 x 1080		I-VT filter	Screen Recordings (1)	0	0	1920	1080	VS	105956	150500	44544					118906	12:36:47.794	1553081721719601															0	43		Fixation	287	961	509	3,01	177,95	353,36	3886	955.0	532.0	960.0	484.0	957.0	508.0	957.0	508.0	255,52	147,15	257,03	160,14	256,27	153,64	216,86	170,75	571,20	283,57	171,33	569,30					596,32	596,32	2,70	2,29	0	0				
43	43	n.a.	n.a.	n.a	n.a.	n.a.	n.a.	n.a.	181312	1920 x 1080		I-VT filter	Screen Recordings (1)	0	0	1920	1080	VS	105956	150500	44544					119222	12:36:48.111	1553081722036190															0	44		Fixation	440	849	505	2,26	357,26	179,32	3981	840.0	515.0	864.0	483.0	852.0	499.0	852.0	499.0	224,67	151,72	231,17	160,19	227,92	155,96	217,02	170,72	570,43	283,70	171,13	568,58					595,58	595,58	2,65	2,33	0	0				
44	44	n.a.	n.a.	n.a	n.a.	n.a.	n.a.	n.a.	181312	1920 x 1080		I-VT filter	Screen Recordings (1)	0	0	1920	1080	VS	105956	150500	44544					119689	12:36:48.578	1553081722502820															0	45		Fixation	153	933	509	1,73	8,03	10,77	4121	911.0	550.0	938.0	496.0	924.0	523.0	924.0	523.0	243,81	142,15	251,00	156,69	247,41	149,42	218,95	170,99	572,28	285,61	171,23	570,46					597,28	597,28	2,78	2,34	0	0				
45	45	n.a.	n.a.	n.a	n.a.	n.a.	n.a.	n.a.	181312	1920 x 1080		I-VT filter	Screen Recordings (1)	0	0	1920	1080	VS	105956	150500	44544					119862	12:36:48.751	1553081722676168															0	46		Fixation	580	997	500	5,48	193,88	185,85	4173	987.0	521.0	999.0	490.0	993.0	505.0	993.0	505.0	264,08	150,14	267,24	158,37	265,66	154,25	219,72	171,26	572,78	286,39	171,41	570,86					597,79	597,79	2,73	2,31	0	0				
46	46	n.a.	n.a.	n.a	n.a.	n.a.	n.a.	n.a.	181312	1920 x 1080		I-VT filter	Screen Recordings (1)	0	0	1920	1080	VS	105956	150500	44544					120482	12:36:49.371	1553081723296003															0	47		Fixation	200	798	549	1,72	8,03	174,15	4359	777.0	545.0	788.0	508.0	782.0	526.0	782.0	526.0	208,04	143,64	210,92	153,55	209,48	148,60	220,90	171,28	573,18	287,50	171,23	571,26					598,10	598,10	2,78	2,35	0	0				
47	47	n.a.	n.a.	n.a	n.a.	n.a.	n.a.	n.a.	181312	1920 x 1080		I-VT filter	Screen Recordings (1)	0	0	1920	1080	VS	105956	150500	44544					120709	12:36:49.597	1553081723522673															0	48		Fixation	180	862	540	2,54	1,81	353,78	4427	861.0	559.0	846.0	518.0	853.0	538.0	853.0	538.0	230,40	139,90	226,33	150,81	228,37	145,36	220,41	171,04	573,71	287,10	171,13	571,83					598,54	598,54	2,82	2,39	0	0				
48	48	n.a.	n.a.	n.a	n.a.	n.a.	n.a.	n.a.	181312	1920 x 1080		I-VT filter	Screen Recordings (1)	0	0	1920	1080	VS	105956	150500	44544					120916	12:36:49.804	1553081723729294															0	49		Fixation	153	957	537	2,49	3,09	1,27	4489	960.0	556.0	967.0	504.0	963.0	530.0	963.0	530.0	256,84	140,74	258,80	154,62	257,82	147,68	220,61	171,49	574,63	287,29	171,58	572,78					599,55	599,55	2,90	2,43	0	0				
49	49	n.a.	n.a.	n.a	n.a.	n.a.	n.a.	n.a.	181312	1920 x 1080		I-VT filter	Screen Recordings (1)	0	0	1920	1080	VS	105956	150500	44544					121096	12:36:49.984	1553081723909335															0	50		Fixation	210	1050	532	2,53	358,19	355,10	4543	1057.0	560.0	1072.0	498.0	1064.0	529.0	1064.0	529.0	282,92	139,57	287,00	156,23	284,96	147,90	220,98	171,31	574,31	287,63	171,41	572,61					599,16	599,16	2,93	2,45	0	0				
50	50	n.a.	n.a.	n.a	n.a.	n.a.	n.a.	n.a.	181312	1920 x 1080		I-VT filter	Screen Recordings (1)	0	0	1920	1080	VS	105956	150500	44544					121332	12:36:50.221	1553081724145969															0	51		Fixation	233	1145	535	0,59	174,79	176,60	4614	1147.0	560.0	1149.0	514.0	1148.0	537.0	1148.0	537.0	306,97	139,53	307,50	151,90	307,24	145,72	221,10	171,16	573,77	287,76	171,31	572,21					598,60	598,60	2,88	2,46	0	0				
51	51	n.a.	n.a.	n.a	n.a.	n.a.	n.a.	n.a.	181312	1920 x 1080		I-VT filter	Screen Recordings (1)	0	0	1920	1080	VS	105956	150500	44544					121576	12:36:50.464	1553081724389298															0	52		Fixation	93	1123	533	2,98	180,00	5,21	4687	1134.0	548.0	1112.0	512.0	1123.0	530.0	1123.0	530.0	303,53	142,85	297,60	152,37	300,56	147,61	221,22	171,42	574,33	287,91	171,59	572,66					599,21	599,21	2,80	2,40	0	0				
52	52	n.a.	n.a.	n.a	n.a.	n.a.	n.a.	n.a.	181312	1920 x 1080		I-VT filter	Screen Recordings (1)	0	0	1920	1080	VS	105956	150500	44544					121696	12:36:50.584	1553081724509229															0	53		Fixation	457	1011	533	8,20	272,76	92,76	4723	991.0	548.0	1010.0	498.0	1000.0	523.0	1000.0	523.0	265,24	142,70	270,23	156,14	267,74	149,42	221,31	171,50	574,56	287,95	171,56	572,75					599,45	599,45	2,81	2,39	0	0				
53	53	n.a.	n.a.	n.a	n.a.	n.a.	n.a.	n.a.	181312	1920 x 1080		I-VT filter	Screen Recordings (1)	0	0	1920	1080	VS	105956	150500	44544					122192	12:36:51.081	1553081725005877															0	54		Fixation	203	1026	843	0,94	12,92	100,15	4872	1023.0	857.0	1014.0	869.0	1018.0	863.0	1018.0	863.0	273,86	59,74	271,44	56,62	272,65	58,18	222,36	170,78	574,21	288,86	170,82	572,48					598,81	598,81	2,83	2,52	0	0				
54	54	n.a.	n.a.	n.a	n.a.	n.a.	n.a.	n.a.	181312	1920 x 1080		I-VT filter	Screen Recordings (1)	0	0	1920	1080	VS	105956	150500	44544					122412	12:36:51.301	1553081725225815															0	55		Fixation	170	1061	835	1,57	358,08	345,17	4938	1068.0	837.0	1099.0	828.0	1083.0	832.0	1083.0	832.0	285,72	65,31	294,21	67,72	289,96	66,51	224,37	170,78	574,14	291,06	170,45	572,34					598,63	598,63	2,90	2,59	0	0				
55	55	n.a.	n.a.	n.a	n.a.	n.a.	n.a.	n.a.	181312	1920 x 1080		I-VT filter	Screen Recordings (1)	0	0	1920	1080	VS	105956	150500	44544					122602	12:36:51.491	1553081725415749															0	56		Fixation	320	1121	837	0,55	5,46	7,37	4995	1117.0	838.0	1155.0	857.0	1136.0	847.0	1136.0	847.0	299,02	64,85	309,11	59,96	304,07	62,40	225,52	170,71	573,45	292,19	170,27	571,77					597,90	597,90	2,96	2,63	0	0				
56	56	n.a.	n.a.	n.a	n.a.	n.a.	n.a.	n.a.	181312	1920 x 1080		I-VT filter	Screen Recordings (1)	0	0	1920	1080	VS	105956	150500	44544					122935	12:36:51.824	1553081725749034															0	57		Fixation	193	1142	835	2,62	175,94	170,48	5095	1143.0	845.0	1165.0	818.0	1154.0	831.0	1154.0	831.0	305,88	62,99	311,66	70,37	308,77	66,68	225,06	169,34	571,21	291,67	168,56	569,52					595,36	595,36	2,84	2,48	0	0				
57	57	n.a.	n.a.	n.a	n.a.	n.a.	n.a.	n.a.	181312	1920 x 1080		I-VT filter	Screen Recordings (1)	0	0	1920	1080	VS	105956	150500	44544					123155	12:36:52.044	1553081725969054															0	58		Fixation	227	1043	828	2,41	355,59	179,64	5161	1031.0	843.0	1071.0	839.0	1051.0	841.0	1051.0	841.0	275,78	63,62	286,73	64,59	281,25	64,10	224,73	169,17	569,94	291,33	168,34	568,26					594,12	594,12	2,81	2,48	0	0				
58	58	n.a.	n.a.	n.a	n.a.	n.a.	n.a.	n.a.	181312	1920 x 1080		I-VT filter	Screen Recordings (1)	0	0	1920	1080	VS	105956	150500	44544					123422	12:36:52.310	1553081726235683															0	59		Fixation	523	1134	835	1,53	1,98	6,39	5241	1119.0	837.0	1133.0	825.0	1126.0	831.0	1126.0	831.0	299,57	65,35	303,26	68,42	301,42	66,89	223,44	168,83	568,97	290,05	168,20	567,36					593,17	593,17	2,81	2,43	0	0				
59	59	n.a.	n.a.	n.a	n.a.	n.a.	n.a.	n.a.	181312	1920 x 1080		I-VT filter	Screen Recordings (1)	0	0	1920	1080	VS	105956	150500	44544					123965	12:36:52.854	1553081726778925															0	60		Fixation	397	1192	833	8,81	181,90	179,92	5404	1221.0	830.0	1219.0	838.0	1220.0	834.0	1220.0	834.0	326,86	67,06	326,18	65,01	326,52	66,04	220,65	168,89	569,70	287,29	168,67	567,88					594,03	594,03	2,81	2,46	0	0				
60	60	n.a.	n.a.	n.a	n.a.	n.a.	n.a.	n.a.	181312	1920 x 1080		I-VT filter	Screen Recordings (1)	0	0	1920	1080	VS	105956	150500	44544					124408	12:36:53.297	1553081727222170															0	61		Fixation	243	859	844	2,57	8,91	187,01	5537	842.0	857.0	865.0	832.0	853.0	844.0	853.0	844.0	225,30	59,98	231,58	66,51	228,44	63,25	220,00	168,79	569,67	286,58	168,55	567,67					594,02	594,02	2,86	2,48	0	0				
61	61	n.a.	n.a.	n.a	n.a.	n.a.	n.a.	n.a.	181312	1920 x 1080		I-VT filter	Screen Recordings (1)	0	0	1920	1080	VS	105956	150500	44544					124682	12:36:53.570	1553081727495494															0	62		Fixation	347	955	829	14,40	90,21	81,30	5619	951.0	821.0	966.0	820.0	958.0	820.0	958.0	820.0	254,62	69,55	258,55	69,82	256,58	69,68	220,13	169,16	570,46	286,74	169,12	568,61					594,87	594,87	2,82	2,52	0	0				
62	62	n.a.	n.a.	n.a	n.a.	n.a.	n.a.	n.a.	181312	1920 x 1080		I-VT filter	Screen Recordings (1)	0	0	1920	1080	VS	105956	150500	44544					125098	12:36:53.987	1553081727912080															0	63		Fixation	177	953	291	1,45	337,15	246,94	5744	927.0	281.0	983.0	316.0	955.0	298.0	955.0	298.0	248,16	214,41	263,03	205,22	255,59	209,81	220,00	170,74	571,05	286,36	170,91	569,40					595,98	595,98	2,84	2,54	0	0				
63	63	n.a.	n.a.	n.a	n.a.	n.a.	n.a.	n.a.	181312	1920 x 1080		I-VT filter	Screen Recordings (1)	0	0	1920	1080	VS	105956	150500	44544					125295	12:36:54.184	1553081728108728															0	64		Fixation	97	1003	312	3,68	183,77	206,62	5803	998.0	283.0	1025.0	362.0	1011.0	322.0	1011.0	322.0	267,02	213,96	274,19	192,72	270,61	203,34	219,89	170,88	571,37	286,47	170,74	569,60					596,33	596,33	2,74	2,43	0	0				
64	64	n.a.	n.a.	n.a	n.a.	n.a.	n.a.	n.a.	181312	1920 x 1080		I-VT filter	Screen Recordings (1)	0	0	1920	1080	VS	105956	150500	44544					125422	12:36:54.310	1553081728235385															0	65		Fixation	120	866	321	1,85	180,00	356,23	5841	826.0	303.0	883.0	343.0	854.0	323.0	854.0	323.0	221,07	208,70	236,29	197,94	228,68	203,32	219,90	170,81	571,14	286,44	171,22	569,15					596,09	596,09	2,77	2,41	0	0				
65	65	n.a.	n.a.	n.a	n.a.	n.a.	n.a.	n.a.	181312	1920 x 1080		I-VT filter	Screen Recordings (1)	0	0	1920	1080	VS	105956	150500	44544					125578	12:36:54.467	1553081728392046															0	66		Fixation	247	797	321	6,77	0,23	180,23	5888	763.0	300.0	839.0	346.0	801.0	323.0	801.0	323.0	204,22	209,44	224,64	196,99	214,43	203,22	219,97	170,57	570,42	286,49	170,75	568,67					595,33	595,33	2,76	2,43	0	0				
66	66	n.a.	n.a.	n.a	n.a.	n.a.	n.a.	n.a.	181312	1920 x 1080		I-VT filter	Screen Recordings (1)	0	0	1920	1080	VS	105956	150500	44544					125868	12:36:54.757	1553081728681977															0	67		Fixation	180	1049	320	1,85	358,33	358,11	5975	1028.0	295.0	1075.0	336.0	1051.0	315.0	1051.0	315.0	275,11	210,85	287,62	199,73	281,37	205,29	221,12	170,42	570,03	287,69	170,47	568,43					594,84	594,84	2,75	2,43	0	0				
67	67	n.a.	n.a.	n.a	n.a.	n.a.	n.a.	n.a.	181312	1920 x 1080		I-VT filter	Screen Recordings (1)	0	0	1920	1080	VS	105956	150500	44544					126072	12:36:54.960	1553081728885321															0	68		Fixation	307	1118	322	0,75	355,90	357,57	6036	1107.0	300.0	1174.0	351.0	1140.0	325.0	1140.0	325.0	296,32	209,31	314,05	195,82	305,18	202,56	221,63	170,59	570,34	288,21	170,65	568,85					595,16	595,16	2,78	2,42	0	0				
68	68	n.a.	n.a.	n.a	n.a.	n.a.	n.a.	n.a.	181312	1920 x 1080		I-VT filter	Screen Recordings (1)	0	0	1920	1080	VS	105956	150500	44544					126392	12:36:55.280	1553081729205277															0	69		Fixation	123	1146	324	3,02	176,95	181,05	6132	1143.0	297.0	1169.0	356.0	1156.0	326.0	1156.0	326.0	305,88	210,33	312,87	194,25	309,38	202,29	221,83	170,44	570,27	288,40	170,42	568,64					595,03	595,03	2,83	2,46	0	0				
69	69	n.a.	n.a.	n.a	n.a.	n.a.	n.a.	n.a.	181312	1920 x 1080		I-VT filter	Screen Recordings (1)	0	0	1920	1080	VS	105956	150500	44544					126552	12:36:55.440	1553081729365218															0	70		Fixation	573	1033	318	5,49	233,44	56,49	6180	1012.0	280.0	1063.0	316.0	1037.0	298.0	1037.0	298.0	270,77	214,69	284,45	205,08	277,61	209,88	221,54	170,45	570,03	288,06	172,81	575,83					594,83	594,83	2,87	2,51	0	0				
70	70	n.a.	n.a.	n.a	n.a.	n.a.	n.a.	n.a.	181312	1920 x 1080		I-VT filter	Screen Recordings (1)	0	0	1920	1080	VS	105956	150500	44544					127285	12:36:56.173	1553081730098470															0	71		Fixation	113	911	482	10,32	318,02	84,57	6400	894.0	528.0	927.0	455.0	910.0	491.0	910.0	491.0	239,23	148,29	248,01	167,91	243,62	158,10	219,19	169,98	570,08	285,77	170,19	568,03					594,86	594,86	3,02	2,52	0	0				
71	71	n.a.	n.a.	n.a	n.a.	n.a.	n.a.	n.a.	181312	1920 x 1080		I-VT filter	Screen Recordings (1)	0	0	1920	1080	VS	105956	150500	44544					127435	12:36:56.323	1553081730248451															0	72		Fixation	277	1076	630	10,89	248,13	290,11	6445																			-34,01										4	4				
72	72	n.a.	n.a.	n.a	n.a.	n.a.	n.a.	n.a.	181312	1920 x 1080		I-VT filter	Screen Recordings (1)	0	0	1920	1080	VS	105956	150500	44544					127748	12:36:56.637	1553081730561745															0	73		Fixation	197	989	846	1,03	217,84	329,71	6539	981.0	857.0	982.0	850.0	981.0	853.0	981.0	853.0	262,41	59,82	262,84	61,87	262,62	60,85	219,87	169,40	570,24	286,41	169,59	568,34					594,76	594,76	3,04	2,61	0	0				
73	73	n.a.	n.a.	n.a	n.a.	n.a.	n.a.	n.a.	181312	1920 x 1080		I-VT filter	Screen Recordings (1)	0	0	1920	1080	VS	105956	150500	44544					127965	12:36:56.853	1553081730778424															0	74		Fixation	163	958	870	0,85	183,59	325,75	6604	959.0	872.0	952.0	876.0	955.0	874.0	955.0	874.0	256,71	55,76	254,68	54,82	255,69	55,29	220,03	169,26	570,28	286,68	169,35	568,37					594,75	594,75	3,03	2,57	0	0				
74	74	n.a.	n.a.	n.a	n.a.	n.a.	n.a.	n.a.	181312	1920 x 1080		I-VT filter	Screen Recordings (1)	0	0	1920	1080	VS	105956	150500	44544					128141	12:36:57.030	1553081730955023															0	75		Fixation	200	926	872	2,78	3,28	179,69	6657	924.0	886.0	923.0	846.0	923.0	866.0	923.0	866.0	247,36	52,09	247,05	62,96	247,21	57,52	219,72	169,44	570,45	286,38	169,63	568,59					594,98	594,98	3,05	2,58	0	0				
75	75	n.a.	n.a.	n.a	n.a.	n.a.	n.a.	n.a.	181312	1920 x 1080		I-VT filter	Screen Recordings (1)	0	0	1920	1080	VS	105956	150500	44544					128371	12:36:57.260	1553081731185042															0	76		Fixation	363	1031	866	4,25	11,83	8,55	6726	1009.0	878.0	1031.0	871.0	1020.0	874.0	1020.0	874.0	269,91	54,22	275,78	56,00	272,85	55,11	220,11	169,24	570,64	286,71	169,43	568,75					595,07	595,07	3,07	2,61	0	0				
76	76	n.a.	n.a.	n.a	n.a.	n.a.	n.a.	n.a.	181312	1920 x 1080		I-VT filter	Screen Recordings (1)	0	0	1920	1080	VS	105956	150500	44544					128765	12:36:57.653	1553081731578314															0	77		Fixation	357	1189	833	9,80	106,28	94,44	6844	1187.0	857.0	1227.0	808.0	1207.0	832.0	1207.0	832.0	317,56	59,83	328,23	73,11	322,90	66,47	222,24	169,86	571,04	288,88	169,84	569,61					595,52	595,52	2,94	2,46	0	0				
77	77	n.a.	n.a.	n.a	n.a.	n.a.	n.a.	n.a.	181312	1920 x 1080		I-VT filter	Screen Recordings (1)	0	0	1920	1080	VS	105956	150500	44544					129175	12:36:58.063	1553081731988209															0	78		Fixation	127	1085	478	2,34	283,20	176,92	6967	1079.0	476.0	1092.0	465.0	1085.0	470.0	1085.0	470.0	288,70	162,14	292,10	165,12	290,40	163,63	221,58	170,71	571,03	288,01	170,77	569,43					595,85	595,85	2,90	2,51	0	0				
78	78	n.a.	n.a.	n.a	n.a.	n.a.	n.a.	n.a.	181312	1920 x 1080		I-VT filter	Screen Recordings (1)	0	0	1920	1080	VS	105956	150500	44544					129328	12:36:58.216	1553081732141501															0	79		Fixation	247	1105	563	3,29	168,19	245,00	7013	1120.0	578.0	1101.0	520.0	1110.0	549.0	1110.0	549.0	299,84	134,74	294,60	150,41	297,22	142,57	221,70	170,59	571,10	288,32	170,60	569,51					595,87	595,87	2,90	2,47	0	0				
79	79	n.a.	n.a.	n.a	n.a.	n.a.	n.a.	n.a.	181312	1920 x 1080		I-VT filter	Screen Recordings (1)	0	0	1920	1080	VS	105956	150500	44544					129605	12:36:58.493	1553081732418200															0	80		Fixation	360	985	538	1,40	327,45	159,25	7096	978.0	594.0	987.0	508.0	982.0	551.0	982.0	551.0	261,72	130,60	264,05	153,61	262,89	142,10	221,84	170,44	570,39	288,46	170,44	568,70					595,14	595,14	2,96	2,48	0	0				
80	80	n.a.	n.a.	n.a	n.a.	n.a.	n.a.	n.a.	181312	1920 x 1080		I-VT filter	Screen Recordings (1)	0	0	1920	1080	VS	105956	150500	44544					129988	12:36:58.876	1553081732801451															0	81		Fixation	93	1029	566	3,34	6,00	38,56	7211	1042.0	626.0	1052.0	535.0	1047.0	580.0	1047.0	580.0	278,91	121,76	281,42	146,20	280,17	133,98	221,67	169,99	569,84	288,32	170,05	568,12					594,48	594,48	3,05	2,50	0	0				
81	81	n.a.	n.a.	n.a	n.a.	n.a.	n.a.	n.a.	181312	1920 x 1080		I-VT filter	Screen Recordings (1)	0	0	1920	1080	VS	105956	150500	44544					130108	12:36:58.996	1553081732921459															0	82		Fixation	197	1153	553	1,33	15,20	9,20	7247	1152.0	605.0	1182.0	522.0	1167.0	563.0	1167.0	563.0	308,28	127,48	316,22	149,92	312,25	138,70	221,80	170,05	569,78	288,46	170,13	568,18					594,44	594,44	3,04	2,50	0	0				
82	82	n.a.	n.a.	n.a	n.a.	n.a.	n.a.	n.a.	181312	1920 x 1080		I-VT filter	Screen Recordings (1)	0	0	1920	1080	VS	105956	150500	44544					130324	12:36:59.213	1553081733138062															0	83		Fixation	93	1201	540	6,35	107,46	92,26	7312	1214.0	576.0	1217.0	502.0	1215.0	539.0	1215.0	539.0	324,87	135,24	325,68	155,13	325,27	145,19	221,19	169,68	569,04	287,82	169,86	567,44					593,65	593,65	3,05	2,48	0	0				
83	83	n.a.	n.a.	n.a	n.a.	n.a.	n.a.	n.a.	181312	1920 x 1080		I-VT filter	Screen Recordings (1)	0	0	1920	1080	VS	105956	150500	44544					130461	12:36:59.350	1553081733274772															0	84		Fixation	223	1130	315	1,07	353,87	246,40	7353	1107.0	283.0	1129.0	335.0	1118.0	309.0	1118.0	309.0	296,11	213,90	302,17	199,96	299,14	206,93	220,85	170,36	568,93	287,30	170,55	567,16					593,80	593,80	3,01	2,54	0	0				
84	84	n.a.	n.a.	n.a	n.a.	n.a.	n.a.	n.a.	181312	1920 x 1080		I-VT filter	Screen Recordings (1)	0	0	1920	1080	VS	105956	150500	44544					130701	12:36:59.590	1553081733514695															0	85		Fixation	127	1158	318	11,85	193,75	199,89	7425																			-34,01										4	4				
85	85	n.a.	n.a.	n.a	n.a.	n.a.	n.a.	n.a.	181312	1920 x 1080		I-VT filter	Screen Recordings (1)	0	0	1920	1080	VS	105956	150500	44544					130868	12:36:59.756	1553081733681378															0	86		Fixation	273	867	389	0,81	195,47	1,72	7475	826.0	379.0	898.0	404.0	862.0	391.0	862.0	391.0	221,13	188,16	240,23	181,45	230,68	184,80	220,10	170,18	569,72	286,59	170,28	567,67					594,53	594,53	2,94	2,55	0	0				
86	86	n.a.	n.a.	n.a	n.a.	n.a.	n.a.	n.a.	181312	1920 x 1080		I-VT filter	Screen Recordings (1)	0	0	1920	1080	VS	105956	150500	44544					131154	12:37:00.043	1553081733967949															0	87		Fixation	243	838	397	6,76	314,91	119,44	7561	795.0	405.0	853.0	406.0	824.0	405.0	824.0	405.0	212,62	181,20	228,38	181,05	220,50	181,12	219,94	170,09	569,26	286,51	170,23	567,24					594,08	594,08	2,96	2,52	0	0				
87	87	n.a.	n.a.	n.a	n.a.	n.a.	n.a.	n.a.	181312	1920 x 1080		I-VT filter	Screen Recordings (1)	0	0	1920	1080	VS	105956	150500	44544					131444	12:37:00.333	1553081734257903															0	88		Fixation	160	1015	574	4,41	11,62	56,71	7648	1001.0	616.0	1042.0	560.0	1021.0	588.0	1021.0	588.0	267,81	124,66	278,83	139,65	273,32	132,16	220,74	169,45	568,92	287,29	169,55	567,27					593,49	593,49	3,06	2,56	0	0				
88	88	n.a.	n.a.	n.a	n.a.	n.a.	n.a.	n.a.	181312	1920 x 1080		I-VT filter	Screen Recordings (1)	0	0	1920	1080	VS	105956	150500	44544					131641	12:37:00.529	1553081734454517															0	89		Fixation	293	1176	541	0,54	11,35	359,73	7707	1168.0	534.0	1171.0	502.0	1169.0	518.0	1169.0	518.0	312,63	146,65	313,42	155,16	313,03	150,90	221,61	169,86	569,71	288,25	169,96	568,20					594,32	594,32	3,01	2,55	0	0				
89	89	n.a.	n.a.	n.a	n.a.	n.a.	n.a.	n.a.	181312	1920 x 1080		I-VT filter	Screen Recordings (1)	0	0	1920	1080	VS	105956	150500	44544					131944	12:37:00.833	1553081734757883															0	90		Fixation	213	1196	537	1,98	176,12	164,78	7798	1199.0	544.0	1202.0	526.0	1200.0	535.0	1200.0	535.0	320,88	143,91	321,75	148,80	321,31	146,36	221,80	169,95	569,90	288,48	169,98	568,43					594,52	594,52	3,02	2,57	0	0				
90	90	n.a.	n.a.	n.a	n.a.	n.a.	n.a.	n.a.	181312	1920 x 1080		I-VT filter	Screen Recordings (1)	0	0	1920	1080	VS	105956	150500	44544					132184	12:37:01.073	1553081734997869															0	91		Fixation	160	1122	532	2,45	164,70	348,58	7870	1112.0	554.0	1129.0	494.0	1120.0	524.0	1120.0	524.0	297,69	141,18	302,05	157,23	299,87	149,20	221,01	169,70	569,63	287,70	169,79	568,08					594,23	594,23	2,98	2,48	0	0				
91	91	n.a.	n.a.	n.a	n.a.	n.a.	n.a.	n.a.	181312	1920 x 1080		I-VT filter	Screen Recordings (1)	0	0	1920	1080	VS	105956	150500	44544					132368	12:37:01.256	1553081735181190															0	92		Fixation	143	1034	508	2,13	340,82	176,13	7925	1040.0	496.0	1035.0	505.0	1037.0	500.0	1037.0	500.0	278,32	156,87	276,91	154,38	277,61	155,62	220,92	170,71	570,71	287,59	170,75	569,00					595,59	595,59	2,79	2,44	0	0				
92	92	n.a.	n.a.	n.a	n.a.	n.a.	n.a.	n.a.	181312	1920 x 1080		I-VT filter	Screen Recordings (1)	0	0	1920	1080	VS	105956	150500	44544					132537	12:37:01.426	1553081735351063															0	93		Fixation	480	1109	534	3,94	179,61	198,79	7976	1111.0	560.0	1108.0	518.0	1109.0	539.0	1109.0	539.0	297,23	139,57	296,62	150,75	296,93	145,16	221,51	171,14	571,24	288,19	171,12	569,85					596,20	596,20	2,87	2,48	0	0				
93	93	n.a.	n.a.	n.a	n.a.	n.a.	n.a.	n.a.	181312	1920 x 1080		I-VT filter	Screen Recordings (1)	0	0	1920	1080	VS	105956	150500	44544					133047	12:37:01.936	1553081735861038															0	94		Fixation	297	962	533	0,60	35,93	216,32	8129	942.0	542.0	994.0	499.0	968.0	520.0	968.0	520.0	252,09	144,42	265,99	155,96	259,04	150,19	220,24	170,94	570,97	286,88	171,19	569,40					595,95	595,95	2,88	2,41	0	0				
94	94	n.a.	n.a.	n.a	n.a.	n.a.	n.a.	n.a.	181312	1920 x 1080		I-VT filter	Screen Recordings (1)	0	0	1920	1080	VS	105956	150500	44544					133361	12:37:02.249	1553081736174372															0	95		Fixation	150	980	520	1,27	334,99	299,06	8223	965.0	545.0	992.0	489.0	978.0	517.0	978.0	517.0	258,29	143,58	265,51	158,72	261,90	151,15	220,87	171,08	571,32	287,53	171,22	569,85					596,29	596,29	2,97	2,43	0	0				
95	95	n.a.	n.a.	n.a	n.a.	n.a.	n.a.	n.a.	181312	1920 x 1080		I-VT filter	Screen Recordings (1)	0	0	1920	1080	VS	105956	150500	44544					133531	12:37:02.419	1553081736344355															0	96		Fixation	220	1023	540	2,16	174,98	200,00	8274	1025.0	600.0	1041.0	506.0	1033.0	553.0	1033.0	553.0	274,30	128,80	278,60	154,16	276,45	141,48	220,61	170,90	571,10	287,26	171,07	569,44					596,03	596,03	3,06	2,49	0	0				
96	96	n.a.	n.a.	n.a	n.a.	n.a.	n.a.	n.a.	181312	1920 x 1080		I-VT filter	Screen Recordings (1)	0	0	1920	1080	VS	105956	150500	44544					133777	12:37:02.666	1553081736590951															0	97		Fixation	117	943	533	2,02	175,41	0,43	8348	933.0	578.0	968.0	501.0	950.0	539.0	950.0	539.0	249,68	134,87	259,14	155,40	254,41	145,14	220,41	170,71	570,37	287,05	170,84	568,70					595,31	595,31	3,02	2,52	0	0				
97	97	n.a.	n.a.	n.a	n.a.	n.a.	n.a.	n.a.	181312	1920 x 1080		I-VT filter	Screen Recordings (1)	0	0	1920	1080	VS	105956	150500	44544					133917	12:37:02.806	1553081736730932															0	98		Fixation	183	868	527	1,69	2,74	187,32	8390	854.0	508.0	865.0	509.0	859.0	508.0	859.0	508.0	228,64	153,57	231,44	153,19	230,04	153,38	219,85	170,59	570,77	286,47	170,84	568,76					595,67	595,67	2,92	2,51	0	0				
98	98	n.a.	n.a.	n.a	n.a.	n.a.	n.a.	n.a.	181312	1920 x 1080		I-VT filter	Screen Recordings (1)	0	0	1920	1080	VS	105956	150500	44544					134124	12:37:03.012	1553081736937554															0	99		Fixation	213	931	524	1,27	6,09	3,36	8452	928.0	555.0	954.0	497.0	941.0	526.0	941.0	526.0	248,41	141,03	255,17	156,65	251,79	148,84	220,53	170,75	570,80	287,16	170,93	568,94					595,71	595,71	2,99	2,47	0	0				
99	99	n.a.	n.a.	n.a	n.a.	n.a.	n.a.	n.a.	181312	1920 x 1080		I-VT filter	Screen Recordings (1)	0	0	1920	1080	VS	105956	150500	44544					134364	12:37:03.252	1553081737177514															0	100		Fixation	117	978	519	5,16	128,34	122,24	8524	968.0	524.0	987.0	508.0	977.0	516.0	977.0	516.0	258,98	149,17	264,21	153,51	261,60	151,34	220,66	170,90	570,99	287,27	171,07	569,12					595,93	595,93	2,93	2,46	0	0				
100	100	n.a.	n.a.	n.a	n.a.	n.a.	n.a.	n.a.	181312	1920 x 1080		I-VT filter	Screen Recordings (1)	0	0	1920	1080	VS	105956	150500	44544					134527	12:37:03.416	1553081737340823															0	101		Fixation	290	859	369	1,39	34,08	265,75	8573	824.0	330.0	886.0	389.0	855.0	359.0	855.0	359.0	220,41	201,39	236,98	185,59	228,69	193,49	220,65	171,56	571,13	287,09	171,66	569,11					596,29	596,29	2,85	2,45	0	0				
101	101	n.a.	n.a.	n.a	n.a.	n.a.	n.a.	n.a.	181312	1920 x 1080		I-VT filter	Screen Recordings (1)	0	0	1920	1080	VS	105956	150500	44544					134840	12:37:03.729	1553081737654126															0	102		Fixation	77	902	340	6,16	284,90	250,82	8667	892.0	332.0	929.0	357.0	910.0	344.0	910.0	344.0	238,72	200,79	248,64	194,18	243,68	197,49	220,89	171,54	571,72	287,47	171,68	569,76					596,82	596,82	2,93	2,47	0	0				
102	102	n.a.	n.a.	n.a	n.a.	n.a.	n.a.	n.a.	181312	1920 x 1080		I-VT filter	Screen Recordings (1)	0	0	1920	1080	VS	105956	150500	44544					134957	12:37:03.846	1553081737770817															0	103		Fixation	313	961	561	4,27	271,78	346,88	8702	968.0	605.0	982.0	537.0	975.0	571.0	975.0	571.0	258,94	127,42	262,79	145,85	260,86	136,63	221,30	171,11	571,79	287,82	171,19	570,02					596,71	596,71	3,03	2,45	0	0				
103	103	n.a.	n.a.	n.a	n.a.	n.a.	n.a.	n.a.	181312	1920 x 1080		I-VT filter	Screen Recordings (1)	0	0	1920	1080	VS	105956	150500	44544					135300	12:37:04.189	1553081738114045															0	104		Fixation	213	966	721	1,79	177,43	265,64	8805	959.0	746.0	963.0	746.0	961.0	746.0	961.0	746.0	256,50	89,55	257,57	89,61	257,04	89,58	221,15	170,86	571,55	287,73	170,97	569,87					596,41	596,41	3,10	2,69	0	0				
104	104	n.a.	n.a.	n.a	n.a.	n.a.	n.a.	n.a.	181312	1920 x 1080		I-VT filter	Screen Recordings (1)	0	0	1920	1080	VS	105956	150500	44544					135537	12:37:04.426	1553081738350763															0	105		Fixation	137	899	718	3,91	323,43	146,00	8876	879.0	741.0	900.0	718.0	889.0	729.0	889.0	729.0	235,18	90,98	240,79	97,27	237,98	94,13	220,70	170,66	572,21	287,36	170,81	570,47					596,99	596,99	3,14	2,68	0	0				
105	105	n.a.	n.a.	n.a	n.a.	n.a.	n.a.	n.a.	181312	1920 x 1080		I-VT filter	Screen Recordings (1)	0	0	1920	1080	VS	105956	150500	44544					135704	12:37:04.592	1553081738517413															0	106		Fixation	197	1018	806	1,35	333,36	9,93	8926	1014.0	804.0	1029.0	808.0	1021.0	806.0	1021.0	806.0	271,26	73,99	275,38	73,09	273,32	73,54	221,27	170,73	572,65	287,85	170,86	571,10					597,40	597,40	3,10	2,68	0	0				
106	106	n.a.	n.a.	n.a	n.a.	n.a.	n.a.	n.a.	181312	1920 x 1080		I-VT filter	Screen Recordings (1)	0	0	1920	1080	VS	105956	150500	44544					135920	12:37:04.809	1553081738733998															0	107		Fixation	253	1064	829	2,42	203,84	230,48	8991	1075.0	835.0	1070.0	825.0	1072.0	830.0	1072.0	830.0	287,60	65,84	286,22	68,37	286,91	67,10	221,45	170,58	572,28	288,06	170,69	570,83					596,99	596,99	2,98	2,59	0	0				
107	107	n.a.	n.a.	n.a	n.a.	n.a.	n.a.	n.a.	181312	1920 x 1080		I-VT filter	Screen Recordings (1)	0	0	1920	1080	VS	105956	150500	44544					136197	12:37:05.085	1553081739010585															0	108		Fixation	260	980	866	1,67	6,36	162,52	9074	972.0	885.0	959.0	877.0	965.0	881.0	965.0	881.0	260,13	52,35	256,70	54,61	258,41	53,48	220,89	170,56	572,14	287,50	170,61	570,58					596,88	596,88	2,99	2,59	0	0				
108	108	n.a.	n.a.	n.a	n.a.	n.a.	n.a.	n.a.	181312	1920 x 1080		I-VT filter	Screen Recordings (1)	0	0	1920	1080	VS	105956	150500	44544					136494	12:37:05.382	1553081739307235															0	109		Fixation	190	1043	859	9,31	117,51	111,15	9163	1052.0	855.0	1034.0	854.0	1043.0	854.0	1043.0	854.0	281,57	60,43	276,67	60,70	279,12	60,56	220,59	170,73	573,02	287,23	170,99	571,50					597,78	597,78	2,96	2,57	0	0				
109	109	n.a.	n.a.	n.a	n.a.	n.a.	n.a.	n.a.	181312	1920 x 1080		I-VT filter	Screen Recordings (1)	0	0	1920	1080	VS	105956	150500	44544					136740	12:37:05.629	1553081739553936															0	110		Fixation	330	880	547	1,46	298,37	180,86	9237	846.0	566.0	875.0	516.0	860.0	541.0	860.0	541.0	226,42	137,99	234,24	151,33	230,33	144,66	220,80	171,65	573,25	287,30	171,79	571,50					598,30	598,30	2,89	2,42	0	0				
110	110	n.a.	n.a.	n.a	n.a.	n.a.	n.a.	n.a.	181312	1920 x 1080		I-VT filter	Screen Recordings (1)	0	0	1920	1080	VS	105956	150500	44544					137093	12:37:05.982	1553081739907136															0	111		Fixation	163	906	595	2,65	278,59	340,22	9343	902.0	645.0	918.0	564.0	910.0	604.0	910.0	604.0	241,34	116,76	245,61	138,42	243,48	127,59	220,75	170,89	571,92	287,39	170,99	570,29					596,80	596,80	2,90	2,38	0	0				
111	111	n.a.	n.a.	n.a	n.a.	n.a.	n.a.	n.a.	181312	1920 x 1080		I-VT filter	Screen Recordings (1)	0	0	1920	1080	VS	105956	150500	44544					137283	12:37:06.172	1553081740097158															0	112		Fixation	557	921	694	2,98	99,18	180,59	9400	922.0	702.0	920.0	658.0	921.0	680.0	921.0	680.0	246,61	101,58	246,08	113,20	246,34	107,39	219,13	173,92	582,14	286,89	172,89	576,83					607,52	607,52	2,94	2,45	0	0				
112	112	n.a.	n.a.	n.a	n.a.	n.a.	n.a.	n.a.	181312	1920 x 1080		I-VT filter	Screen Recordings (1)	0	0	1920	1080	VS	105956	150500	44544					137867	12:37:06.755	1553081740680395															0	113		Fixation	207	903	583	4,23	351,23	252,04	9575	909.0	611.0	905.0	556.0	907.0	583.0	907.0	583.0	243,18	125,91	242,17	140,68	242,67	133,30	220,24	170,79	571,40	286,77	170,97	569,54					596,30	596,30	2,91	2,41	0	0				
113	113	n.a.	n.a.	n.a	n.a.	n.a.	n.a.	n.a.	181312	1920 x 1080		I-VT filter	Screen Recordings (1)	0	0	1920	1080	VS	105956	150500	44544					138110	12:37:06.999	1553081740923705															0	114		Fixation	200	1059	607	3,37	353,64	2,41	9648	1064.0	645.0	1073.0	568.0	1068.0	606.0	1068.0	606.0	284,85	116,78	287,14	137,58	285,99	127,18	220,85	170,74	571,60	287,46	170,94	569,78					596,44	596,44	2,96	2,43	0	0				
114	114	n.a.	n.a.	n.a	n.a.	n.a.	n.a.	n.a.	181312	1920 x 1080		I-VT filter	Screen Recordings (1)	0	0	1920	1080	VS	105956	150500	44544					138340	12:37:07.229	1553081741153725															0	115		Fixation	267	1185	621	0,70	10,92	17,28	9717	1180.0	647.0	1190.0	586.0	1185.0	616.0	1185.0	616.0	315,65	116,26	318,48	132,64	317,06	124,45	222,24	170,84	571,67	288,84	170,88	570,11					596,46	596,46	3,04	2,52	0	0				
115	115	n.a.	n.a.	n.a	n.a.	n.a.	n.a.	n.a.	181312	1920 x 1080		I-VT filter	Screen Recordings (1)	0	0	1920	1080	VS	105956	150500	44544					138623	12:37:07.512	1553081741436953															0	116		Fixation	650	1211	616	3,05	179,00	168,08	9802	1233.0	620.0	1220.0	595.0	1226.0	607.0	1226.0	607.0	330,03	123,57	326,39	130,09	328,21	126,83	222,07	171,06	571,72	288,72	171,11	570,18					596,59	596,59	2,96	2,55	0	0				
116	116	n.a.	n.a.	n.a	n.a.	n.a.	n.a.	n.a.	181312	1920 x 1080		I-VT filter	Screen Recordings (1)	0	0	1920	1080	VS	105956	150500	44544					139303	12:37:08.192	1553081742116907															0	117		Fixation	300	1096	614	0,91	354,94	175,94	10006	1090.0	682.0	1096.0	587.0	1093.0	634.0	1093.0	634.0	291,67	106,85	293,31	132,41	292,49	119,63	222,24	171,07	572,16	288,89	171,13	570,75					597,00	597,00	3,02	2,52	0	0				
117	117	n.a.	n.a.	n.a	n.a.	n.a.	n.a.	n.a.	181312	1920 x 1080		I-VT filter	Screen Recordings (1)	0	0	1920	1080	VS	105956	150500	44544					139620	12:37:08.508	1553081742433480															0	118		Fixation	280	1130	617	1,14	162,35	167,41	10101	1138.0	624.0	1129.0	571.0	1133.0	597.0	1133.0	597.0	304,46	122,43	302,08	136,58	303,27	129,50	222,58	170,93	571,67	289,24	170,97	570,28					596,46	596,46	2,97	2,49	0	0				
118	118	n.a.	n.a.	n.a	n.a.	n.a.	n.a.	n.a.	181312	1920 x 1080		I-VT filter	Screen Recordings (1)	0	0	1920	1080	VS	105956	150500	44544					139916	12:37:08.805	1553081742730130															0	119		Fixation	153	1089	604	4,49	155,66	353,30	10190	1085.0	613.0	1076.0	579.0	1080.0	596.0	1080.0	596.0	290,41	125,49	287,96	134,59	289,18	130,04	222,99	171,40	572,71	289,65	171,42	571,20					597,58	597,58	2,90	2,42	0	0				
119	119	n.a.	n.a.	n.a	n.a.	n.a.	n.a.	n.a.	181312	1920 x 1080		I-VT filter	Screen Recordings (1)	0	0	1920	1080	VS	105956	150500	44544					140107	12:37:08.995	1553081742920170															0	120		Fixation	210	936	535	5,41	106,40	310,75	10247	931.0	577.0	952.0	508.0	941.0	542.0	941.0	542.0	249,20	135,00	254,63	153,45	251,91	144,23	222,59	171,29	572,01	289,16	171,39	570,64					596,91	596,91	2,92	2,45	0	0				
120	120	n.a.	n.a.	n.a	n.a.	n.a.	n.a.	n.a.	181312	1920 x 1080		I-VT filter	Screen Recordings (1)	0	0	1920	1080	VS	105956	150500	44544					140356	12:37:09.245	1553081743170112															0	121		Fixation	167	879	342	1,81	305,25	198,85	10322	860.0	319.0	895.0	359.0	877.0	339.0	877.0	339.0	230,27	204,37	239,60	193,52	234,93	198,95	222,32	171,96	571,72	288,77	171,68	570,04					596,88	596,88	2,88	2,54	0	0				
121	121	n.a.	n.a.	n.a	n.a.	n.a.	n.a.	n.a.	181312	1920 x 1080		I-VT filter	Screen Recordings (1)	0	0	1920	1080	VS	105956	150500	44544					140543	12:37:09.432	1553081743356716															0	122		Fixation	197	918	397	0,85	329,27	24,02	10378	909.0	421.0	933.0	412.0	921.0	416.0	921.0	416.0	243,20	176,93	249,78	179,41	246,49	178,17	219,97	171,16	569,87	286,51	171,30	568,62					595,02	595,02	2,95	2,56	0	0				
122	122	n.a.	n.a.	n.a	n.a.	n.a.	n.a.	n.a.	181312	1920 x 1080		I-VT filter	Screen Recordings (1)	0	0	1920	1080	VS	105956	150500	44544					140760	12:37:09.648	1553081743573376															0	123		Fixation	170	945	413	3,02	186,70	217,43	10443	950.0	428.0	979.0	426.0	964.0	427.0	964.0	427.0	254,35	174,96	261,94	175,45	258,15	175,21	218,81	169,28	567,25	285,34	169,74	565,78					591,99	591,99	2,91	2,52	0	0				
123	123	n.a.	n.a.	n.a	n.a.	n.a.	n.a.	n.a.	181312	1920 x 1080		I-VT filter	Screen Recordings (1)	0	0	1920	1080	VS	105956	150500	44544					140963	12:37:09.851	1553081743776636															0	124		Fixation	303	834	426	14,40	288,68	101,98	10504	795.0	465.0	851.0	432.0	823.0	448.0	823.0	448.0	212,82	165,00	227,61	173,86	220,22	169,43	221,40	169,63	568,30	287,93	169,36	566,72					592,93	592,93	3,04	2,56	0	0				
124	124	n.a.	n.a.	n.a	n.a.	n.a.	n.a.	n.a.	181312	1920 x 1080		I-VT filter	Screen Recordings (1)	0	0	1920	1080	VS	105956	150500	44544					141410	12:37:10.298	1553081744223333															0	125		Fixation	177	1008	939	4,30	107,01	178,33	10638	980.0	948.0	1012.0	938.0	996.0	943.0	996.0	943.0	262,35	35,39	270,73	38,24	266,54	36,82	217,29	169,11	571,81	283,76	169,35	569,97					596,30	596,30	3,09	2,68	0	0				
125	125	n.a.	n.a.	n.a	n.a.	n.a.	n.a.	n.a.	181312	1920 x 1080		I-VT filter	Screen Recordings (1)	0	0	1920	1080	VS	105956	150500	44544					141616	12:37:10.505	1553081744429936															0	126		Fixation	183	981	851	1,10	354,63	247,62	10700																			-34,01										4	4				
126	126	n.a.	n.a.	n.a	n.a.	n.a.	n.a.	n.a.	181312	1920 x 1080		I-VT filter	Screen Recordings (1)	0	0	1920	1080	VS	105956	150500	44544					141823	12:37:10.711	1553081744636544															0	127		Fixation	147	1045	857	1,13	226,73	232,10	10762																			-34,01										4	4				
127	127	n.a.	n.a.	n.a	n.a.	n.a.	n.a.	n.a.	181312	1920 x 1080		I-VT filter	Screen Recordings (1)	0	0	1920	1080	VS	105956	150500	44544					141986	12:37:10.875	1553081744799838															0	128		Fixation	227	1028	875	1,49	35,74	169,01	10811	997.0	888.0	1027.0	862.0	1012.0	875.0	1012.0	875.0	266,78	51,48	274,77	58,61	270,78	55,04	217,02	170,34	571,74	283,64	170,04	569,56					596,68	596,68	3,18	2,73	0	0				
128	128	n.a.	n.a.	n.a	n.a.	n.a.	n.a.	n.a.	181312	1920 x 1080		I-VT filter	Screen Recordings (1)	0	0	1920	1080	VS	105956	150500	44544					142236	12:37:11.125	1553081745049787															0	129		Fixation	190	1074	842	2,41	3,16	327,41	10886	1050.0	850.0	1083.0	841.0	1066.0	845.0	1066.0	845.0	281,00	61,69	289,85	64,29	285,43	62,99	217,98	169,77	569,74	284,59	169,78	567,50					594,54	594,54	3,12	2,72	0	0				
129	129	n.a.	n.a.	n.a	n.a.	n.a.	n.a.	n.a.	181312	1920 x 1080		I-VT filter	Screen Recordings (1)	0	0	1920	1080	VS	105956	150500	44544					142453	12:37:11.341	1553081745266456															0	130		Fixation	533	1165	837	3,43	195,26	192,11	10951	1168.0	840.0	1208.0	842.0	1188.0	841.0	1188.0	841.0	312,55	64,45	323,22	63,94	317,89	64,20	223,14	169,00	567,78	289,77	168,69	566,25					592,13	592,13	3,14	2,70	0	0				
130	130	n.a.	n.a.	n.a	n.a.	n.a.	n.a.	n.a.	181312	1920 x 1080		I-VT filter	Screen Recordings (1)	0	0	1920	1080	VS	105956	150500	44544					143016	12:37:11.905	1553081745829739															0	131		Fixation	213	1040	871	3,12	176,59	341,33	11120	1029.0	881.0	1051.0	870.0	1040.0	875.0	1040.0	875.0	275,40	53,35	281,21	56,45	278,31	54,90	221,92	169,38	569,89	288,53	169,42	568,23					594,30	594,30	3,15	2,74	0	0				
131	131	n.a.	n.a.	n.a	n.a.	n.a.	n.a.	n.a.	181312	1920 x 1080		I-VT filter	Screen Recordings (1)	0	0	1920	1080	VS	105956	150500	44544					143263	12:37:12.151	1553081746076348															0	132		Fixation	257	922	864	1,09	8,35	191,76	11194	917.0	871.0	926.0	863.0	921.0	867.0	921.0	867.0	245,44	56,14	247,86	58,25	246,65	57,19	220,17	169,43	569,75	286,78	169,75	568,09					594,29	594,29	3,13	2,77	0	0				
132	132	n.a.	n.a.	n.a	n.a.	n.a.	n.a.	n.a.	181312	1920 x 1080		I-VT filter	Screen Recordings (1)	0	0	1920	1080	VS	105956	150500	44544					143539	12:37:12.428	1553081746353033															0	133		Fixation	157	963	858	5,34	7,68	359,32	11277	976.0	846.0	976.0	860.0	976.0	853.0	976.0	853.0	261,30	62,80	261,24	59,10	261,27	60,95	218,12	169,91	571,11	284,73	170,56	569,38					595,87	595,87	3,10	2,70	0	0				
133	133	n.a.	n.a.	n.a	n.a.	n.a.	n.a.	n.a.	181312	1920 x 1080		I-VT filter	Screen Recordings (1)	0	0	1920	1080	VS	105956	150500	44544					143733	12:37:12.621	1553081746546321															0	134		Fixation	437	1164	831	5,74	121,42	113,75	11335	1137.0	834.0	1176.0	833.0	1156.0	833.0	1156.0	833.0	304,20	66,17	314,82	66,39	309,51	66,28	218,05	169,85	571,19	284,60	170,66	569,64					595,92	595,92	3,06	2,71	0	0				
134	134	n.a.	n.a.	n.a	n.a.	n.a.	n.a.	n.a.	181312	1920 x 1080		I-VT filter	Screen Recordings (1)	0	0	1920	1080	VS	105956	150500	44544					144219	12:37:13.108	1553081747032887															0	135		Fixation	147	1050	645	7,27	89,79	328,37	11481	1048.0	654.0	1061.0	634.0	1054.0	644.0	1054.0	644.0	280,50	114,34	283,93	119,64	282,21	116,99	219,43	169,99	569,71	285,93	170,39	568,14					594,49	594,49	2,92	2,58	0	0				
135	135	n.a.	n.a.	n.a	n.a.	n.a.	n.a.	n.a.	181312	1920 x 1080		I-VT filter	Screen Recordings (1)	0	0	1920	1080	VS	105956	150500	44544					144426	12:37:13.314	1553081747239520															0	136		Fixation	130	1051	375	2,48	41,16	311,37	11543	1038.0	347.0	1063.0	370.0	1050.0	358.0	1050.0	358.0	277,74	196,84	284,50	190,57	281,12	193,70	218,67	170,52	570,49	285,03	171,04	568,75					595,45	595,45	2,84	2,53	0	0				
136	136	n.a.	n.a.	n.a	n.a.	n.a.	n.a.	n.a.	181312	1920 x 1080		I-VT filter	Screen Recordings (1)	0	0	1920	1080	VS	105956	150500	44544					144586	12:37:13.474	1553081747399528															0	137		Fixation	230	1121	314	7,68	198,36	157,20	11591	1113.0	286.0	1138.0	332.0	1125.0	309.0	1125.0	309.0	297,85	213,16	304,44	200,80	301,15	206,98	218,10	170,80	571,42	284,59	171,52	569,60					596,46	596,46	2,95	2,56	0	0				
137	137	n.a.	n.a.	n.a	n.a.	n.a.	n.a.	n.a.	181312	1920 x 1080		I-VT filter	Screen Recordings (1)	0	0	1920	1080	VS	105956	150500	44544					144856	12:37:13.744	1553081747669516															0	138		Fixation	283	849	404	1,85	294,50	96,13	11672	795.0	390.0	860.0	420.0	827.0	405.0	827.0	405.0	212,79	185,16	230,16	177,08	221,47	181,12	217,45	170,43	570,75	283,88	171,06	568,74					595,75	595,75	2,83	2,50	0	0				
138	138	n.a.	n.a.	n.a	n.a.	n.a.	n.a.	n.a.	181312	1920 x 1080		I-VT filter	Screen Recordings (1)	0	0	1920	1080	VS	105956	150500	44544					145216	12:37:14.104	1553081748029428															0	139		Fixation	177	865	439	2,90	7,91	73,41	11780																			-34,01										4	4				
139	139	n.a.	n.a.	n.a	n.a.	n.a.	n.a.	n.a.	181312	1920 x 1080		I-VT filter	Screen Recordings (1)	0	0	1920	1080	VS	105956	150500	44544					145416	12:37:14.304	1553081748229440															0	140		Fixation	157	930	430	1,42	161,17	153,26	11840	911.0	438.0	977.0	423.0	944.0	430.0	944.0	430.0	243,79	172,37	261,38	176,45	252,59	174,41	217,76	170,50	570,65	284,41	171,23	568,79					595,66	595,66	3,05	2,59	0	0				
140	140	n.a.	n.a.	n.a	n.a.	n.a.	n.a.	n.a.	181312	1920 x 1080		I-VT filter	Screen Recordings (1)	0	0	1920	1080	VS	105956	150500	44544					145596	12:37:14.484	1553081748409395															0	141		Fixation	143	880	413	11,18	327,46	166,30	11894	833.0	437.0	905.0	405.0	869.0	421.0	869.0	421.0	222,88	172,58	242,28	181,33	232,58	176,96	218,32	170,67	571,03	284,95	171,22	569,07					596,03	596,03	3,08	2,61	0	0				
141	141	n.a.	n.a.	n.a	n.a.	n.a.	n.a.	n.a.	181312	1920 x 1080		I-VT filter	Screen Recordings (1)	0	0	1920	1080	VS	105956	150500	44544					146022	12:37:14.911	1553081748836001															0	142		Fixation	80	1086	544	3,37	357,36	29,90	12022																			-34,01										4	4				
142	142	n.a.	n.a.	n.a	n.a.	n.a.	n.a.	n.a.	181312	1920 x 1080		I-VT filter	Screen Recordings (1)	0	0	1920	1080	VS	105956	150500	44544					146126	12:37:15.014	1553081748939307															0	143		Fixation	243	1173	548	1,67	180,91	183,55	12053	1173.0	545.0	1199.0	562.0	1186.0	553.0	1186.0	553.0	313,87	143,70	320,85	139,17	317,36	141,43	218,72	170,75	572,25	285,39	171,52	570,53					597,19	597,19	2,94	2,66	0	0				
143	143	n.a.	n.a.	n.a	n.a.	n.a.	n.a.	n.a.	181312	1920 x 1080		I-VT filter	Screen Recordings (1)	0	0	1920	1080	VS	105956	150500	44544					146392	12:37:15.281	1553081749205938															0	144		Fixation	180	1110	549	7,31	183,16	2,24	12133	1084.0	603.0	1114.0	519.0	1099.0	561.0	1099.0	561.0	290,16	128,11	298,01	150,59	294,08	139,35	219,25	171,06	572,63	285,92	171,72	571,02					597,61	597,61	3,04	2,60	0	0				
144	144	n.a.	n.a.	n.a	n.a.	n.a.	n.a.	n.a.	181312	1920 x 1080		I-VT filter	Screen Recordings (1)	0	0	1920	1080	VS	105956	150500	44544					146619	12:37:15.507	1553081749432588															0	145		Fixation	210	837	564	8,43	3,83	180,67	12201	823.0	606.0	847.0	494.0	835.0	550.0	835.0	550.0	220,18	127,19	226,58	157,23	223,38	142,21	218,35	171,12	572,90	284,95	171,76	570,83					597,94	597,94	3,01	2,49	0	0				
145	145	n.a.	n.a.	n.a	n.a.	n.a.	n.a.	n.a.	181312	1920 x 1080		I-VT filter	Screen Recordings (1)	0	0	1920	1080	VS	105956	150500	44544					146872	12:37:15.761	1553081749685900															0	146		Fixation	257	1152	543	1,10	351,65	347,82	12277	1152.0	573.0	1174.0	497.0	1163.0	535.0	1163.0	535.0	308,23	136,16	314,09	156,41	311,16	146,29	218,58	170,92	572,60	285,19	171,77	570,86					597,57	597,57	2,96	2,50	0	0				
146	146	n.a.	n.a.	n.a	n.a.	n.a.	n.a.	n.a.	181312	1920 x 1080		I-VT filter	Screen Recordings (1)	0	0	1920	1080	VS	105956	150500	44544					147149	12:37:16.037	1553081749962502															0	147		Fixation	333	1193	549	2,43	184,41	192,76	12360	1196.0	584.0	1220.0	541.0	1208.0	562.0	1208.0	562.0	320,02	133,29	326,52	144,75	323,27	139,02	218,50	170,78	572,35	285,17	171,59	570,44					597,30	597,30	3,02	2,57	0	0				
147	147	n.a.	n.a.	n.a	n.a.	n.a.	n.a.	n.a.	181312	1920 x 1080		I-VT filter	Screen Recordings (1)	0	0	1920	1080	VS	105956	150500	44544					147505	12:37:16.394	1553081750319137															0	148		Fixation	217	1128	554	2,32	175,06	350,64	12467																			-34,01										4	4				
148	148	n.a.	n.a.	n.a	n.a.	n.a.	n.a.	n.a.	181312	1920 x 1080		I-VT filter	Screen Recordings (1)	0	0	1920	1080	VS	105956	150500	44544					147746	12:37:16.634	1553081750559150															0	149		Fixation	167	1070	549	1,56	183,96	8,90	12539	1048.0	570.0	1069.0	507.0	1058.0	538.0	1058.0	538.0	280,57	136,98	286,00	153,84	283,28	145,41	217,42	170,27	571,28	284,08	171,24	569,25					596,19	596,19	2,93	2,48	0	0				
149	149	n.a.	n.a.	n.a	n.a.	n.a.	n.a.	n.a.	181312	1920 x 1080		I-VT filter	Screen Recordings (1)	0	0	1920	1080	VS	105956	150500	44544					147932	12:37:16.821	1553081750745704															0	150		Fixation	193	1012	553	3,71	176,67	352,71	12595	988.0	572.0	1004.0	507.0	996.0	539.0	996.0	539.0	264,43	136,48	268,58	153,88	266,51	145,18	217,36	170,40	571,45	284,01	171,35	569,37					596,40	596,40	2,90	2,46	0	0				
150	150	n.a.	n.a.	n.a	n.a.	n.a.	n.a.	n.a.	181312	1920 x 1080		I-VT filter	Screen Recordings (1)	0	0	1920	1080	VS	105956	150500	44544					148155	12:37:17.044	1553081750969000															0	151		Fixation	243	874	545	1,29	358,80	182,13	12662	861.0	589.0	875.0	519.0	868.0	554.0	868.0	554.0	230,32	131,73	234,23	150,57	232,28	141,15	216,81	170,46	571,60	283,42	171,31	569,18					596,60	596,60	2,95	2,49	0	0				
151	151	n.a.	n.a.	n.a	n.a.	n.a.	n.a.	n.a.	181312	1920 x 1080		I-VT filter	Screen Recordings (1)	0	0	1920	1080	VS	105956	150500	44544					148422	12:37:17.310	1553081751235642															0	152		Fixation	183	922	546	1,21	3,83	5,02	12742	912.0	567.0	924.0	516.0	918.0	541.0	918.0	541.0	243,99	137,79	247,19	151,55	245,59	144,67	216,72	170,67	571,75	283,38	171,54	569,34					596,81	596,81	2,90	2,48	0	0				
152	152	n.a.	n.a.	n.a	n.a.	n.a.	n.a.	n.a.	181312	1920 x 1080		I-VT filter	Screen Recordings (1)	0	0	1920	1080	VS	105956	150500	44544					148625	12:37:17.514	1553081751439010															0	153		Fixation	193	967	543	4,66	114,87	111,04	12803	974.0	573.0	968.0	521.0	971.0	547.0	971.0	547.0	260,58	136,12	259,01	149,94	259,79	143,03	217,27	170,51	571,85	283,91	171,42	569,61					596,82	596,82	2,91	2,47	0	0				
153	153	n.a.	n.a.	n.a	n.a.	n.a.	n.a.	n.a.	181312	1920 x 1080		I-VT filter	Screen Recordings (1)	0	0	1920	1080	VS	105956	150500	44544					148859	12:37:17.747	1553081751672269															0	154		Fixation	213	894	386	1,22	326,57	211,71	12873	874.0	349.0	910.0	386.0	892.0	367.0	892.0	367.0	233,80	196,15	243,61	186,18	238,70	191,17	218,04	171,19	572,51	284,49	172,00	570,27					597,62	597,62	2,82	2,45	0	0				
154	154	n.a.	n.a.	n.a	n.a.	n.a.	n.a.	n.a.	181312	1920 x 1080		I-VT filter	Screen Recordings (1)	0	0	1920	1080	VS	105956	150500	44544					149092	12:37:17.980	1553081751905558															0	155		Fixation	127	932	411	8,06	291,56	324,99	12943	924.0	416.0	957.0	406.0	940.0	411.0	940.0	411.0	247,35	178,32	256,14	181,06	251,74	179,69	218,36	171,22	572,89	284,97	171,94	570,67					597,97	597,97	2,83	2,46	0	0				
155	155	n.a.	n.a.	n.a	n.a.	n.a.	n.a.	n.a.	181312	1920 x 1080		I-VT filter	Screen Recordings (1)	0	0	1920	1080	VS	105956	150500	44544					149272	12:37:18.160	1553081752085613															0	156		Fixation	213	1043	691	4,30	270,00	338,44	12997	1039.0	726.0	1044.0	640.0	1041.0	683.0	1041.0	683.0	278,00	95,02	279,28	118,11	278,64	106,57	218,88	170,69	572,90	285,44	171,35	570,90					597,76	597,76	2,93	2,43	0	0				
156	156	n.a.	n.a.	n.a	n.a.	n.a.	n.a.	n.a.	181312	1920 x 1080		I-VT filter	Screen Recordings (1)	0	0	1920	1080	VS	105956	150500	44544					149515	12:37:18.404	1553081752328840															0	157		Fixation	290	1043	855	2,47	189,19	279,19	13070	1038.0	869.0	1030.0	858.0	1034.0	863.0	1034.0	863.0	277,77	56,74	275,72	59,68	276,74	58,21	218,44	170,36	573,33	285,03	171,12	571,28					598,08	598,08	2,98	2,59	0	0				
157	157	n.a.	n.a.	n.a	n.a.	n.a.	n.a.	n.a.	181312	1920 x 1080		I-VT filter	Screen Recordings (1)	0	0	1920	1080	VS	105956	150500	44544					149832	12:37:18.720	1553081752645522															0	158		Fixation	250	950	870	1,26	4,78	175,59	13165	942.0	867.0	951.0	870.0	946.0	868.0	946.0	868.0	252,14	57,19	254,52	56,42	253,33	56,81	218,42	170,66	573,79	285,10	171,35	571,60					598,62	598,62	3,03	2,61	0	0				
158	158	n.a.	n.a.	n.a	n.a.	n.a.	n.a.	n.a.	181312	1920 x 1080		I-VT filter	Screen Recordings (1)	0	0	1920	1080	VS	105956	150500	44544					150102	12:37:18.990	1553081752915407															0	159		Fixation	417	998	866				13246	993.0	857.0	1019.0	866.0	1006.0	861.0	1006.0	861.0	265,86	59,79	272,82	57,38	269,34	58,59	218,46	170,74	573,68	285,13	171,46	571,62					598,54	598,54	2,98	2,62	0	0				
